<?xml version="1.0" encoding="UTF-8"?>
<ehcache updateCheck="false" dynamicConfig="false">
    <diskStore path="java.io.tmpdir"/>

    <!-- 登录记录缓存锁定60分钟 -->
    <cache name="passwordRetryCache"
           maxEntriesLocalHeap="2000"
           eternal="false"
           timeToIdleSeconds="3600"
           timeToLiveSeconds="0"
           overflowToDisk="false"
           statistics="true">
    </cache>

    <!--授权信息缓存-->
    <cache name="authorizationCache"
           maxEntriesLocalHeap="2000"
           eternal="false"
           timeToIdleSeconds="1800"
           timeToLiveSeconds="1800"
           overflowToDisk="false"
           statistics="true">
    </cache>

    <!--身份信息缓存-->
    <cache name="authenticationCache"
           maxEntriesLocalHeap="2000"
           eternal="false"
           timeToIdleSeconds="1800"
           timeToLiveSeconds="1800"
           overflowToDisk="false"
           statistics="true">
    </cache>

    <!--session缓存-->
    <cache name="activeSessionCache"
           maxEntriesLocalHeap="2000"
           eternal="false"
           timeToIdleSeconds="1800"
           timeToLiveSeconds="1800"
           overflowToDisk="false"
           statistics="true">
    </cache>

    <!-- 缓存半小时 -->
    <cache name="halfHour"
           maxElementsInMemory="10000"
           maxElementsOnDisk="100000"
           eternal="false"
           timeToIdleSeconds="1800"
           timeToLiveSeconds="1800"
           overflowToDisk="false"
           diskPersistent="false" />

    <!-- 缓存一小时 -->
    <cache name="hour"
           maxElementsInMemory="10000"
           maxElementsOnDisk="100000"
           eternal="false"
           timeToIdleSeconds="3600"
           timeToLiveSeconds="3600"
           overflowToDisk="false"
           diskPersistent="false" />

    <!-- 缓存一天 -->
    <cache name="oneDay"
           maxElementsInMemory="10000"
           maxElementsOnDisk="100000"
           eternal="false"
           timeToIdleSeconds="86400"
           timeToLiveSeconds="86400"
           overflowToDisk="false"
           diskPersistent="false" />

    <defaultCache name="defaultCache"
                  maxElementsInMemory="10000"
                  eternal="false"
                  timeToIdleSeconds="600"
                  timeToLiveSeconds="600"
                  overflowToDisk="false"
                  maxElementsOnDisk="100000"
                  diskPersistent="false"
                  diskExpiryThreadIntervalSeconds="120"
                  memoryStoreEvictionPolicy="LRU"/>
</ehcache>